0,1,2,3,4,5,6,7,8,9,10,11,12
-269.3002,136.68262,-27.855352,71.84999,13.681455,37.95047,-30.863668,1.5526526,-12.0036335,-10.720268,-5.5429516,-10.257593,-9.420492
-270.09723,175.05014,-25.814907,40.96589,-21.09479,24.059406,-17.18676,13.571121,-13.147009,-2.539269,-1.8775266,-10.816988,0.046610832
-266.82108,154.12709,-27.92551,50.694427,-15.996719,25.68791,-20.118635,18.231276,-21.472462,-14.360856,4.2588344,-6.6263866,-9.615723
-286.94287,130.05783,-19.623096,81.43836,4.82166,32.012424,-27.004158,9.998855,-15.142248,-10.361038,-1.1668563,-8.9483595,-13.024124
-355.17114,140.24652,-32.13495,56.07641,14.631195,28.518297,-21.260904,-1.237959,-8.954111,3.3025827,-2.3495655,-9.8321705,-10.802807
-252.14174,171.81467,-32.605225,53.62355,4.3622704,27.806751,-21.011196,16.093678,-20.04499,-13.601974,-5.8796744,-8.3087845,-13.759209
-275.88187,151.45819,-17.918476,58.521156,-17.28767,37.382965,-24.61266,23.939693,-13.758053,-5.777121,-8.507288,-5.982024,-13.139981
-274.63614,144.61351,-29.381836,60.713463,9.837419,30.52199,-22.252045,14.210765,9.321764,-7.420383,-6.913379,-15.3623705,-19.550117
-331.48065,146.85696,-11.014604,81.39223,14.158594,37.36112,-18.666847,6.277156,14.593833,-0.5742974,-4.7267084,-11.30188,-16.552217
-279.82504,140.65903,-25.308174,76.11099,11.585061,38.713852,-24.549599,-5.201067,-3.7600102,-9.930618,-2.1378279,-10.112522,-20.711786
-277.3556,188.0054,-20.914207,26.598753,-15.467535,28.018677,-17.967407,15.980938,-7.3905883,0.9468664,6.606347,-0.3181036,4.1374035
-260.34836,169.61237,-16.55566,50.959846,-10.6351,27.727306,-12.256998,15.202916,-13.786245,-7.93362,-0.7033489,5.6246514,-4.8642397
-272.11615,186.35129,-11.367157,52.358185,-11.599939,19.420933,-24.273438,18.449823,-1.9871619,-10.603382,3.918658,-2.8809257,-4.3640985
-297.14108,159.10855,-22.801857,68.17537,3.5111108,41.326935,-15.267929,11.098669,-12.904583,4.4599986,-1.4783369,-1.7193923,-2.8834198
-273.82474,180.88568,-15.423493,61.04389,-5.6579313,21.061287,-22.037209,22.704266,-3.6829967,-11.142775,-4.336061,1.328254,-5.980178
-257.46542,163.39587,-14.416207,60.37223,-10.455387,31.033958,-14.150307,19.121395,-11.385241,-14.097882,-7.72747,2.1160011,-1.8280865
-279.94638,155.54568,-2.2052622,62.892693,-3.8785217,28.935617,-17.625244,14.636135,5.8106728,-1.485586,-9.688675,-4.438698,-0.8329716
-298.59244,173.72096,0.18008757,63.51848,-18.68305,27.292475,-17.726748,20.374638,0.56260157,-5.429924,-5.4945955,2.4693418,-0.69334435
-289.3444,141.76889,-28.150833,71.19067,-5.870571,39.155525,-7.5305357,17.457138,-5.4127707,2.1230152,-2.3657646,0.85974836,-7.573867
-271.19254,145.58995,-17.19804,72.948654,0.31722045,37.417873,-26.59023,20.629505,-11.474474,-3.7535038,-11.921003,-9.510523,-11.175699
-366.22067,158.45763,2.988416,44.28134,-8.186703,32.139954,-0.6702661,16.155128,-9.063816,-17.049246,-19.722157,-0.044202387,-16.437223
-315.45132,166.5589,-21.340033,38.638752,-39.67243,11.672563,-21.600756,17.342873,-18.34439,-7.4071198,-21.926674,-2.8534608,-5.775411
-143.95247,126.868416,-27.378973,58.256874,-27.42372,14.684156,-6.189602,17.45676,-9.2922535,-0.06308955,-5.4491386,-3.3336768,-2.713926
-186.5704,173.76653,-37.126694,50.77635,-10.562973,11.679083,5.4574304,5.0208864,1.1564605,-8.795504,-4.8438215,-4.7300963,-1.5135803
-210.48834,198.66687,-33.27352,38.282837,1.2897973,10.89854,3.3601637,11.879581,-0.10449213,-7.049425,-4.3327446,-4.0408607,2.6595464
-220.71478,206.2709,-27.963398,26.747904,9.108079,6.264188,3.7199807,7.753787,-2.061016,-9.591225,-1.2044822,-0.12148082,-1.5977424
-210.69447,200.82956,-28.424507,30.962368,-0.7553912,8.894393,5.4731154,10.070572,2.8393326,-4.653097,-3.960071,-4.0622287,-0.891415
-224.09247,206.66219,-23.586975,33.801056,3.8206227,6.9518433,7.2329435,10.378579,0.18088157,-9.143057,-4.0463476,-5.8418846,-5.413132
-220.86884,203.59958,-25.247646,31.0493,3.3541515,7.9212475,13.96821,13.071055,-0.827856,-8.013572,-5.4169445,-3.922265,2.1670597
-208.88992,193.2375,-37.25718,43.42189,1.5458579,6.002846,9.287503,12.147252,-1.9785296,-11.427432,-4.9191904,-3.1860833,-1.4855407
-125.162994,139.60141,-39.287952,60.886246,-16.917963,30.602978,-4.7789807,23.883156,-4.053323,13.376081,-1.9367709,6.6214466,-1.3165872
-155.13525,159.98016,-35.824043,50.17514,-6.732584,23.433327,-5.6839314,21.44906,-1.720593,12.85413,0.16512334,4.724598,-0.25051373
-157.48544,160.17397,-26.000626,44.41622,-5.262911,22.43369,-8.636538,18.847652,-6.0715837,10.451822,-2.942952,5.840661,0.7814243
-158.37767,172.91052,-23.79597,44.097946,-4.134826,26.766907,-7.103298,17.462006,-9.361303,9.255003,-2.5035315,7.67046,-0.42465222
-148.17984,155.12524,-28.809208,49.313538,-10.900337,29.756252,-10.804618,20.40754,-5.262956,15.144922,2.166142,6.227479,0.4566559
-158.38937,160.24165,-26.401321,46.89824,-7.707493,27.583996,-8.343698,18.97271,-8.361695,14.778074,1.9191256,7.4802113,-0.042266548
-150.52876,163.28851,-27.263863,44.767227,-7.0665894,24.787579,-9.9189825,21.074963,-6.4363127,10.291057,-1.6154026,9.234489,3.0771503
-108.6854,141.9862,-29.700981,57.304554,-18.211245,33.859833,-15.094284,22.54316,-10.110832,12.343101,-4.096914,7.7932205,0.01738
-136.7355,143.70627,-31.491455,64.16018,-23.18005,31.595325,-10.835631,23.352808,-12.249282,5.634635,-1.0025454,8.146572,1.8802705
-175.87683,163.40762,-27.394646,51.332542,-20.972778,30.188265,-5.332004,21.23514,-4.8406315,-4.167848,-5.2391386,5.736549,1.3811235
-184.64511,178.57767,-23.883574,42.856594,-15.991407,16.769861,-5.5905104,25.703514,-3.7910347,-4.574153,-9.59609,-2.0984683,-0.3934077
-181.40604,172.58487,-25.82685,43.32567,-23.688412,28.511044,-6.964017,15.412506,-6.526269,-7.5630617,-8.556178,5.5823145,7.7341013
-177.13611,150.50479,-17.786896,53.94667,-14.5711975,36.781143,-9.423956,25.353699,-8.001936,4.418883,-6.0253296,1.3881974,-0.38664162
-171.3947,154.64246,-20.911198,60.322052,-18.771093,26.706173,-8.420625,24.770699,-10.561815,-4.300583,-2.8732412,9.213302,-0.59116155
-176.65138,148.85431,-24.84382,52.72277,-10.104645,26.55748,-8.049469,21.820248,-9.220062,-4.154701,-6.117271,0.41539,0.3256775
-174.86113,157.84296,-21.066399,49.30555,-18.704613,22.138226,-13.875589,27.752106,-7.094902,-9.572017,-4.122621,6.730913,-2.7620096
-203.93411,178.82458,-17.610352,48.561607,-5.0763597,15.165968,-13.154629,10.439204,-3.0977736,-1.4619746,-6.349598,5.984007,1.3257288
-187.09724,169.39462,-14.861057,49.365517,-14.921451,13.990663,-4.756509,11.714035,-4.397019,-4.644799,-8.379414,2.8209033,6.011087
-191.01895,174.07538,-20.89301,45.273888,-6.6284885,20.534847,-8.829144,16.0642,-8.379656,-9.104859,-13.081018,4.9087505,1.1786555
-200.77379,173.80502,-9.387376,43.222984,-8.262731,13.717724,-5.989129,8.444756,-3.1998162,-5.5702734,-9.253739,2.0020943,3.8970182
-189.09459,172.65573,-10.026682,44.68186,-12.159745,22.122723,-7.9922585,17.561676,-6.96112,-3.155387,-8.119535,2.0051994,3.8840156
-199.87976,154.18555,-11.884565,67.4386,-13.157145,24.28474,-6.673613,14.599196,-7.7951355,-6.400598,-10.80479,0.35769254,0.07892084
-177.17062,149.73607,-21.556686,59.938313,-13.907222,27.74753,-12.48431,21.360338,-7.4351215,-8.975534,-3.5874953,3.4594636,-1.9145672
-188.27313,159.6315,-24.039738,63.526306,-19.529596,15.223143,-11.642398,16.951778,-1.6610943,-0.96432966,-7.504499,-1.1695442,0.24530452
-151.11768,149.84058,-29.834164,56.918083,-20.890736,31.977623,-1.848295,23.889166,-2.474574,7.9165754,2.6580946,13.706814,8.415466
-148.59088,165.74933,-38.874054,45.795006,-24.665617,31.108248,-0.43518,29.12919,-0.4506096,3.0328486,-1.5684762,9.967308,9.435396
-161.16193,154.10568,-23.32388,54.517914,-7.6208677,33.239906,-9.945959,23.309559,-7.316119,6.7956953,-8.089854,2.1672688,0.009588182
-151.6734,155.10004,-16.806232,52.13224,-13.688122,30.18846,-9.635345,26.675985,0.93813205,5.400834,-4.224498,8.340223,4.935585
-170.83536,162.68497,-25.410488,47.561752,-16.646826,34.071754,-4.2437,20.49545,0.5857602,0.7891244,0.042542696,9.51407,2.8879025
-188.12537,167.65244,-20.645018,47.90693,-15.117545,26.655565,-9.609705,21.245247,0.72444093,5.4985604,-5.8571806,1.9745358,1.7376485
-169.6891,139.91644,-26.13848,73.26994,-7.988453,37.031395,-23.149454,22.333548,7.1290174,7.656166,-5.100914,-0.8188379,4.390123
-153.60843,127.985016,-27.401989,68.14056,-14.67965,39.487198,-9.2932825,24.29759,-5.5200787,9.157022,-1.2271878,2.973169,3.1277518
-150.0022,154.5982,-35.726902,52.23719,-18.907057,33.088497,-3.9079933,26.9803,-6.238332,8.295922,4.5816855,12.979073,9.979816
-143.64056,158.23889,-34.375233,46.893566,-25.293442,30.793552,-3.4754562,29.892895,-2.3810031,9.431026,-1.6530731,7.639493,5.8090143
-140.177,143.34789,-25.841702,58.697273,-15.352832,40.326603,-16.2178,27.35132,-9.432241,7.3481374,-5.5601664,6.8175106,2.6013298
-146.80675,154.66122,-25.111063,53.63666,-23.203396,32.798958,-9.515071,27.37088,3.7443976,5.8648615,-6.2579775,8.50923,5.3710976
-164.29428,153.54657,-21.023762,63.04654,-17.314634,28.25259,-8.9109745,22.768057,0.6704023,4.673334,-7.5644493,4.080937,1.5509363
-164.10837,148.06186,-18.990406,48.229275,-20.301445,38.59766,-11.344149,28.513575,-2.8392005,7.518441,-5.692835,5.0705943,4.374774
-166.92627,137.85149,-31.64583,74.86133,-5.631391,37.50535,-22.376686,22.87117,7.6031704,4.1716,-2.7222188,-4.4409275,2.8792953
-156.09344,137.06049,-28.222443,66.00734,-13.995394,37.57914,-9.961399,27.879932,-2.2155924,9.205517,-2.9636292,5.642836,1.1877483
-159.17355,147.78915,-33.316597,62.32012,-18.218319,29.820362,-5.1552105,29.575768,-8.833772,2.9863265,-2.0336316,7.321114,4.5468473
-161.78796,149.40256,-26.161804,65.96699,-14.025728,31.016535,-4.724721,28.186165,-10.414688,1.6035631,-2.6894102,9.483434,4.5426664
-154.90086,151.49323,-32.902863,59.221046,-17.795742,28.269646,-6.534824,27.782139,-5.194575,5.9097404,-3.081438,8.920031,4.760889
-203.78795,147.41045,-18.947653,69.903755,-11.870926,33.8571,-3.5007787,12.622454,-10.4930725,1.4994591,6.2089853,4.9629784,10.149749
-243.65448,150.00903,-8.28768,75.53073,-11.421308,49.970062,-13.207085,22.264063,-17.087965,2.0231016,0.15905023,7.2522717,1.2791082
-274.49445,150.3923,-31.895401,67.4642,-20.12223,31.88411,-7.722904,19.852215,-23.619099,-4.0290422,-9.616032,-4.23123,-3.2072425
-301.7043,121.23241,-33.351402,55.138046,-13.174846,39.171227,-36.457237,11.123531,-8.361096,-8.719915,-19.409397,-3.8875368,-17.491474
-130.15344,126.69708,-35.861626,60.76979,-19.57994,25.80665,-13.7637005,19.119686,-11.876549,2.3498487,-5.9065876,-5.5446124,-6.072416
-131.01442,160.48366,-36.29076,49.051224,-23.27364,30.836807,-8.481176,19.980106,-2.0078928,7.4417925,3.6949112,7.825445,4.6091094
-142.83794,160.996,-27.520382,52.775444,-11.327574,33.559982,-10.297965,22.017624,-8.273338,-0.6551353,1.6872749,2.4875445,1.4229707
-124.55585,137.79599,-33.02468,76.739655,-7.465662,41.99782,-12.356516,23.79181,-3.4723601,6.5590854,-1.1847639,0.34959936,0.539928
-153.68605,154.05922,-28.681866,56.335968,-9.58579,34.684944,-12.111113,22.121626,-1.3139447,6.0535445,4.328786,8.215389,2.2910721
-145.68134,147.60342,-18.839603,50.463856,-23.708263,41.10223,-7.2470975,24.86913,-7.154427,7.015208,3.737731,9.295711,2.3656821
-152.849,153.93991,-22.70932,67.71867,-10.986803,40.314056,-7.8821898,23.160244,-2.6517377,1.8842536,-1.4089069,-0.17182124,0.42078918
-150.24275,143.31897,-27.013515,67.24685,-11.400839,40.72175,-9.784129,21.934904,-2.3836591,2.480303,-0.6550808,2.3122633,-3.699098
-103.22565,126.861374,-35.08309,72.46155,-18.219929,38.023117,-15.357189,21.93623,-8.787476,14.077192,-1.0440772,8.114657,-4.0896845
-128.57059,152.03563,-37.117153,52.45382,-24.337353,32.550102,-11.998299,25.198483,-4.9294815,10.855946,3.4813652,7.008424,3.7983444
-131.98904,155.54156,-31.404778,51.185463,-18.410122,36.321304,-10.822518,22.011116,-8.745466,8.978543,4.160763,5.7129173,3.231759
-119.62334,156.30576,-25.844067,53.67053,-24.563946,28.334446,-16.439785,21.293646,-6.384864,9.336821,1.74778,8.74555,6.411678
-124.92835,143.52075,-28.221806,64.1921,-19.410248,43.901764,-15.584369,21.890884,-5.3238993,13.053357,3.8053458,6.344631,0.29747707
-135.60345,157.94116,-14.577867,56.236893,-20.989927,35.31933,-13.227566,19.498875,-8.200022,7.891238,3.041905,7.1631536,3.656686
-138.30344,150.24222,-12.944819,60.66012,-23.23729,40.710724,-12.200144,22.454483,-4.7190113,9.277636,-1.3778505,8.04727,4.129261
-128.53387,150.562,-23.819073,64.72963,-22.952053,32.73797,-12.268126,21.861805,-5.9831033,6.8424883,0.92697835,6.853033,3.666002
-80.06186,132.40048,-47.683792,69.262474,-21.900963,37.956245,-23.646858,19.778986,-8.145865,18.418962,-1.4007959,10.233514,1.455198
-97.146866,147.69388,-50.06922,56.638283,-26.581406,29.437946,-15.575641,23.216255,-4.102413,14.536163,3.0807955,11.166645,3.5456445
-96.065216,145.99805,-37.751022,64.667694,-25.23963,32.766342,-15.138514,22.900455,-9.301096,9.189478,-2.8073833,9.156006,1.3061693
-95.86915,137.92131,-35.33239,71.25901,-18.836956,36.614716,-19.289253,21.355808,-6.1941133,11.269429,-1.2392366,5.7354956,0.11116898
-100.158745,138.83923,-37.042114,64.21759,-18.180668,40.714268,-18.670374,23.905891,-9.066163,12.538623,2.4937081,11.219443,-2.7193756
-110.591225,145.64343,-32.28856,61.23731,-25.852575,36.069374,-20.45406,24.474636,-8.065905,16.638155,2.4718857,11.843525,1.5910625
-112.00659,143.19917,-32.67178,67.708786,-19.951124,39.913948,-14.690496,21.907,-5.246283,10.940893,-7.003743,4.553114,0.5512473
-105.71814,140.61879,-38.837364,65.2695,-16.244427,38.013542,-15.944768,20.685432,-6.9677677,10.695835,-1.619728,5.0283365,-1.4701021
-83.91111,136.4274,-47.013985,67.4173,-20.010098,37.679184,-23.24017,17.80312,-6.2243004,19.43218,0.563475,13.801741,2.758924
-96.71475,150.02936,-45.49363,55.694763,-28.051315,32.892998,-13.644704,24.2753,-2.7827117,12.213781,2.2032812,12.232065,0.40127003
-96.45614,147.13818,-34.82737,54.837822,-23.813288,35.29127,-18.585686,23.060537,-10.498076,9.226723,-3.7717738,10.176843,1.9098784
-101.88145,151.44008,-37.551052,52.52554,-26.466211,33.585068,-14.783734,27.156599,-6.016634,13.132167,0.26424146,9.215715,3.3809798
-96.45596,138.8862,-32.660133,65.94336,-23.618462,34.80249,-18.553665,25.138432,-9.981155,12.875702,1.7003565,6.7057633,1.2889714
-95.05793,146.54437,-37.56703,60.28091,-26.224682,33.816177,-18.779444,22.155758,-8.276983,10.970694,1.9263315,13.090733,3.3102934
-102.184395,144.70169,-35.14138,64.66337,-23.107506,39.63139,-16.181273,18.862896,-8.171392,7.1074095,-6.484372,10.733337,2.568554
-88.86839,138.09827,-40.09415,64.78586,-26.493694,40.740242,-15.003754,22.511044,-6.5098004,10.500944,-3.0217268,8.632817,5.5495853
-112.3409,149.92119,-24.721115,51.792038,-30.513443,29.014727,-13.9621935,27.220905,-3.175198,15.393591,0.03683865,8.5970545,2.235334
-136.81238,153.97427,-31.328121,53.32644,-17.891193,34.477215,-12.373409,21.373566,-5.411029,11.068904,0.4936278,6.4065685,1.893978
-122.91315,154.99557,-24.13752,63.72649,-11.662545,36.944557,-17.272026,15.616108,-7.2901754,7.9998927,-1.9954358,3.6945906,2.222523
-134.1192,156.88814,-24.880293,58.960976,-6.3963456,37.2987,-15.870031,18.350565,-6.130005,11.394204,1.9705684,5.8062,1.1849211
-163.06401,166.11237,-22.307343,57.73623,-2.7092464,31.879322,-7.3677483,15.825197,-8.459353,10.226894,2.6580787,7.414519,2.7416315
-161.07373,160.3509,-27.980225,55.233654,-6.374219,30.114012,-7.8641033,17.456852,-7.149429,13.888849,0.50705427,7.9564657,4.4999733
-157.58061,165.88144,-29.287258,51.596703,-5.681876,23.922684,-8.688652,18.988562,-10.8225565,6.764127,-0.53995335,11.564695,4.7440233
-100.11618,142.79309,-31.798264,65.09365,-20.101086,37.244213,-16.348217,24.40229,-12.82073,10.273497,-4.4682765,6.7220936,-0.14594764
-189.40073,154.34232,-35.864445,59.14762,-30.239826,28.360376,-24.904099,17.332352,-13.389278,-2.848814,-12.01515,-1.6384596,-0.1748389
-214.86232,171.46259,-25.615921,38.03434,-20.80917,22.464615,-16.111137,7.895971,-15.008582,-9.452274,-14.933636,-1.5769249,-2.5868564
-220.83167,163.6047,-26.88675,45.32897,-24.728214,27.434612,-21.842098,4.284189,-13.580114,-13.291462,-18.053684,-0.09686601,-7.289525
-193.84378,161.35413,-41.09688,46.291595,-26.327408,30.172249,-25.08871,9.665096,-16.220798,-8.735357,-15.350603,8.662039,-6.450388
-205.23517,167.89919,-21.085808,51.666626,-26.567377,31.094234,-27.582523,27.49057,-21.467962,-3.9148097,-12.495002,-2.5175095,-5.633784
-235.7909,174.92065,-21.806313,46.191986,-12.310312,25.994968,-19.85901,12.795996,-17.623333,-10.231152,-18.518541,-0.79150796,-5.790204
-208.44035,170.83826,-36.040764,48.858204,-20.204926,20.138662,-25.938015,15.426872,-16.274542,-7.2031627,-9.273808,-1.9639583,-4.4091454
-161.42627,130.92935,-33.674335,54.163643,-27.02248,28.292803,-13.375151,15.344139,-13.431019,4.421988,-6.453905,5.8478336,0.71204185
-130.78242,166.82248,-28.921078,56.627716,-15.940397,22.966196,-11.037779,26.424324,-3.0769649,1.7606225,-3.1983228,11.33056,7.377144
-132.76909,172.7919,-29.955208,55.752373,-14.447157,20.89817,-7.0974307,20.990295,-3.159284,2.253014,-4.398426,7.8664627,5.3648424
-135.59464,173.08429,-33.695286,50.359272,-12.628293,25.307867,-7.3313575,25.520966,-4.219715,-0.96917534,-5.202587,11.217537,3.2149563
-139.98958,170.65308,-28.849209,52.02423,-19.27271,20.836594,-9.110385,24.537788,-2.205499,-1.4603181,-4.1956553,7.3819227,3.9809763
-188.13742,176.95624,-13.036598,61.285263,-9.941057,23.574429,-6.8031006,19.414621,0.25465775,-4.9362545,-6.283637,1.1514398,-3.459833
-153.84666,149.426,-18.528606,63.54432,-12.732328,31.689348,-8.227961,24.890488,-2.4213638,4.6241636,-6.381923,3.3128402,-3.0550036
-166.10506,157.67128,-15.149943,60.33847,-11.288373,34.775208,-10.286865,27.315586,-2.5478983,-0.04181379,-4.911129,0.7817499,-3.8247838
-126.524635,125.29559,-22.982273,77.33722,-20.669127,41.210873,-14.596174,23.557903,-11.585457,7.4677067,-6.047347,1.8386322,-2.2214408
-133.82721,156.41965,-38.784355,46.673088,-25.173805,32.03456,-5.868735,30.902597,-5.6927233,6.600851,6.238724,14.854925,9.219263
-126.21426,153.92755,-34.292286,48.24059,-29.283672,34.3195,-6.246106,31.52208,-6.543239,8.7293415,-6.370137,6.7184772,5.2869787
-107.82428,133.19029,-26.582878,66.25304,-22.908424,43.343384,-15.394684,28.579643,-13.011997,9.199795,-4.9564657,6.401948,0.9777751
-151.30022,158.68439,-25.467518,54.39759,-25.699112,29.29683,-11.78673,29.765581,-1.8962791,7.8459587,-7.1234474,8.548443,6.023036
-158.49164,148.15865,-24.011955,63.39705,-17.679386,32.80635,-8.419457,24.418083,-2.7712536,4.684655,-5.776298,4.681369,-1.1051872
-137.83475,141.67212,-23.054771,56.635353,-25.305271,41.67005,-14.42468,26.55758,-4.7868085,10.640957,-4.9838853,5.3466196,3.4125826
-139.62328,138.69174,-37.151527,74.40965,-8.695185,33.708992,-22.744034,23.325253,6.336503,5.3365803,-4.8662415,-3.075077,2.5431323
-147.08276,134.608,-25.29035,60.67675,-19.596241,38.758873,-9.650264,27.523443,-5.5194044,11.048359,-3.2425508,6.2332697,2.7594016
-136.2527,148.74109,-34.956512,59.977997,-22.127123,32.551598,-7.7067432,29.116243,-11.359232,2.8107905,-3.8727107,7.7933316,3.7938185
-133.80939,144.49007,-30.787506,63.883545,-20.013857,34.43028,-6.987972,28.418512,-8.379123,3.659794,-6.9443502,7.9092255,3.0498686
-127.96561,148.07446,-39.079174,62.64215,-25.34865,31.372541,-7.854041,29.058292,-6.3099356,7.1236267,-6.443755,10.123207,4.2243443
-214.29074,151.85953,-7.4057417,62.831783,-13.795216,38.104954,-11.583805,17.381773,-6.6772804,1.3672307,0.14978212,14.375801,4.3932023
-219.85835,140.95639,-10.544252,72.392204,-7.4274654,42.29379,-18.188805,27.433786,-18.398863,-2.3459692,-10.861507,18.104504,-4.824587
-248.15291,139.13919,-31.32502,51.399776,-18.83789,25.799107,-22.12649,19.560635,-24.282299,-16.465054,-14.460327,7.66476,-11.49072
-264.76315,127.428825,-25.414946,66.36142,-12.534218,24.732813,-31.89599,19.700886,-11.41564,-14.376836,-19.78143,-7.199054,-16.17364
-95.76144,128.79959,-39.09685,69.12827,-21.502693,32.94039,-19.460682,21.984243,-10.30627,9.650908,-4.487829,5.600239,-3.0582328
-107.52171,158.11478,-45.96734,50.730988,-23.7157,33.6202,-8.998107,20.990631,-3.201357,7.60345,4.646614,8.701563,2.6771934
-116.748184,157.55376,-38.410713,60.433212,-14.293554,32.923615,-9.019639,24.680098,-11.370495,-0.17079291,2.4683838,7.57339,1.4450988
-115.68416,136.63138,-37.88112,71.848755,-10.413676,40.78479,-14.852632,22.075136,-6.568492,8.435198,-3.7206368,1.7843349,0.18547356
-122.32437,141.59018,-33.973488,59.56053,-10.343834,39.480705,-13.415483,21.973106,-7.726098,6.5629396,2.5396128,9.7521105,-2.3161988
-120.9855,148.16687,-33.06504,55.71765,-27.401167,37.43463,-14.56351,25.023354,-10.592463,8.276714,6.026614,8.422391,0.8039936
-131.87852,144.54483,-34.916336,70.8401,-11.447039,38.423836,-11.423622,24.326998,-1.4781159,2.7449682,-1.0020666,-0.42145336,-1.9474007
-126.882164,136.02893,-38.84459,67.559654,-12.147487,42.80404,-13.680526,23.698757,-3.9873028,6.1301503,-3.817554,2.0733738,-2.0479436
-88.02361,133.14426,-45.579308,72.85501,-16.611683,38.460915,-18.917395,20.485989,-9.7713375,12.34708,-3.5391164,8.420451,-5.148146
-104.11351,159.298,-50.35012,48.332375,-29.114773,34.425323,-10.668673,22.432716,-6.196413,9.7473755,4.4995527,8.352785,1.3996464
-112.45697,154.66739,-36.856487,54.74947,-18.05822,35.275513,-13.997282,22.451809,-13.004175,4.3043046,1.130894,9.204906,1.0273125
-112.44379,161.79108,-34.59205,50.006355,-29.68484,26.697113,-15.9901705,23.2239,-4.2592177,10.387838,1.5952413,8.2006035,4.1993494
-117.03338,147.80687,-29.046848,62.555897,-19.848503,39.60534,-17.054276,22.14815,-7.629189,10.44198,2.0778418,6.725945,-2.703911
-113.09698,156.40047,-34.234024,61.50982,-23.83532,34.339645,-15.191917,19.341558,-10.464571,6.0960555,2.6840265,8.68836,2.279545
-114.99406,151.09518,-28.404251,62.938534,-22.975983,39.216522,-14.793066,21.910671,-9.144178,6.0942183,-2.409658,6.494349,3.7807753
-103.098595,152.86127,-32.855824,64.128105,-29.553953,30.130472,-14.571674,23.6986,-9.546072,7.282258,-2.3144765,6.320946,1.0687286
-84.873375,139.56187,-45.238335,70.030594,-21.63625,37.507668,-25.930233,17.84259,-5.668641,20.40387,1.1377903,10.529551,-0.5120849
-95.66386,149.55908,-47.41951,52.249542,-28.580076,30.461912,-12.771072,26.125996,-2.4965725,12.802447,0.52618504,8.484419,-0.037526757
-89.38521,144.46353,-35.23425,67.39351,-28.5111,34.896072,-16.567734,23.070972,-11.273394,10.629444,-4.872731,7.1172705,1.6227098
-102.65344,144.35446,-36.21257,66.518326,-17.338673,34.149315,-17.637798,21.303902,-6.683199,9.35609,-2.8709676,2.7532501,-2.1887972
-96.03542,145.45242,-37.520054,61.802017,-15.665688,35.30359,-14.960952,22.180027,-6.2051125,10.554998,1.3530991,9.3184395,-2.5318441
-111.43889,145.48682,-28.27707,62.36883,-28.088823,36.172626,-19.0376,22.95702,-6.9066467,15.849785,-3.271972,6.9727964,-1.3457385
-110.4159,140.85593,-34.24485,65.60716,-17.79134,36.319874,-14.084984,20.71711,-7.7667847,6.7677536,-4.542329,4.050502,-1.019445
-94.35088,143.65393,-43.851875,66.20439,-20.397423,36.901604,-19.44873,19.95792,-9.330154,9.088129,-4.154768,3.6245255,-2.2747784
-89.6139,141.59311,-45.76877,63.128414,-23.004017,35.78052,-22.959045,17.989285,-4.925417,18.46548,1.4174654,13.893401,2.2178073
-93.888695,150.25772,-44.004692,55.82149,-28.957235,32.499767,-14.654076,23.588942,-4.143203,11.821829,0.39694184,9.759387,-0.8852308
-96.84549,152.54214,-39.420288,55.424156,-25.095383,32.63025,-16.366982,25.295996,-4.511127,9.054208,-2.9093957,7.5044146,-0.58381915
-98.61701,151.73126,-38.3752,56.21251,-27.936874,30.849663,-16.383228,24.598896,-9.213678,10.753252,-0.7768692,6.813511,1.5971049
-99.57862,145.12762,-37.85222,62.777645,-23.42511,36.767143,-19.07254,25.648487,-9.142854,12.10117,1.7651496,6.2827873,-0.1266911
-95.764046,146.09741,-35.30406,59.043213,-28.643826,33.403572,-15.099536,22.201384,-7.528404,10.494264,-1.6301455,12.024612,4.091383
-103.22242,143.64368,-34.630035,65.951035,-21.812744,37.812088,-15.134121,19.04193,-7.080922,6.4870787,-4.4444785,8.422549,1.3943127
-99.30539,135.82205,-38.05184,61.880363,-28.171366,39.218147,-17.622742,25.010777,-7.228041,12.516114,-5.349948,7.2491565,2.0181646
-220.75943,116.871124,-41.75293,43.769676,-58.407898,12.313473,-22.928558,11.140586,-12.465326,-1.9900925,-13.219234,-4.567586,-6.5415993
-351.4284,135.74454,-59.87486,53.507248,-47.662674,27.328892,-14.737998,20.054329,-11.463373,9.531493,-9.885916,-2.9459195,-0.6716232
-290.28787,125.7227,-39.88291,35.45995,-43.414917,6.596377,-13.735705,8.896098,-8.601162,-0.4720337,-17.993101,-5.568039,4.6682906
-266.30334,124.60719,-45.6641,44.332375,-44.937416,18.228775,-19.396278,2.6091194,-15.326332,-7.61067,-20.926132,-10.259326,-4.464409
-249.9141,112.732,-69.65603,36.75618,-47.13498,14.144449,-26.457348,6.495513,-23.01189,-9.005008,-21.830254,-8.719946,0.009679675
-251.97798,108.034775,-61.425896,40.21683,-45.352173,26.409424,-28.731453,5.065816,-26.36657,-5.8464746,-21.734617,-2.2435565,3.413661
-249.49574,104.27716,-60.693436,45.62581,-36.925583,26.73301,-27.139572,5.929676,-31.83399,-10.416492,-27.151333,-1.2400347,6.642129
-240.8153,113.26993,-71.4335,41.576546,-41.391094,21.88078,-31.815529,0.68961585,-29.085379,-9.93977,-16.76994,-3.3572073,1.4638801
-198.3728,141.02908,-67.5098,38.53003,-47.78083,11.147182,-26.513798,6.6728325,-26.977215,-12.337408,-17.727116,-3.1844635,-1.2316546
-200.71536,113.395584,-62.55919,48.546223,-38.828854,22.900568,-34.778934,2.5617533,-33.762287,-13.386601,-25.112907,-4.9339285,-0.8171716
-198.58614,127.46195,-57.245655,45.08517,-42.879322,20.42672,-27.797152,5.5440235,-33.144554,-16.122112,-27.627972,-3.5299754,0.8287691
-190.00087,129.28636,-55.780075,40.615814,-38.142166,23.275414,-29.06457,4.0702815,-23.50262,-6.685575,-11.747173,-1.0737948,3.6094947
-170.75401,134.75424,-62.357895,35.29591,-35.022827,18.679974,-23.740002,11.106093,-23.025341,-9.093805,-14.966818,1.657376,0.1972909
-168.96326,117.28356,-60.043312,46.64404,-34.764404,28.401627,-31.058897,5.597034,-32.445297,-9.806798,-18.095837,-1.4171815,2.6444983
-165.3021,129.27373,-57.692154,37.50454,-39.19583,21.99327,-24.446793,11.991201,-27.517183,-12.04467,-21.097713,1.3081288,2.6779232
-179.44946,140.53693,-61.752403,30.950985,-38.555717,20.508389,-24.135742,6.927789,-24.595863,-4.2740593,-13.268831,-2.8645992,0.43268448
-158.4565,148.86165,-53.50683,45.4245,-27.57761,26.18326,-16.235455,21.469133,-13.064951,-0.03155008,-5.7867236,3.2193387,2.6684453
-154.7314,139.35962,-45.892593,55.801704,-23.52929,38.040916,-24.09386,20.514309,-14.788601,5.0722036,-9.7117815,2.7086787,2.271325
-146.94772,149.4073,-44.08098,53.13594,-30.413074,32.36202,-15.340733,23.706875,-13.604664,1.1722455,-8.044043,8.859713,6.866149
-194.3911,145.21194,-30.887743,55.838783,-23.74038,32.204407,-10.169836,6.84418,-18.318031,-1.8448792,-5.023425,2.158036,8.38603
-250.52533,138.1352,-18.959234,60.630684,-27.867111,32.709915,-17.924751,17.959055,-23.677608,-9.445608,-13.682661,5.4107604,-6.3478603
-250.69823,155.00716,-26.499144,55.879185,-21.555454,26.566246,-13.818525,18.290783,-21.679804,-3.223611,-9.554056,-1.0911019,-3.3999083
-312.27426,165.07745,-9.152491,53.94862,2.3784046,24.561846,-17.113197,18.46911,-0.7298474,-4.682245,-4.6863365,-7.7987375,-5.2423325
-368.56274,143.68887,-2.4879596,54.24166,-2.4301028,23.34703,-9.214209,13.104992,4.6101155,-11.472694,1.7186525,-0.81734943,-3.8663454
-403.7112,168.3717,-83.97272,50.368782,-16.665342,19.919561,-5.8004093,25.495098,-28.460396,-7.2088156,-3.754526,7.8939056,-8.66775
-287.03607,158.58421,-39.474403,50.762512,7.051147,28.742283,-22.988613,21.600992,-19.916569,-12.373541,-10.569748,-1.0938818,-11.344165
-108.30498,128.40884,-43.822647,70.53875,-17.43225,28.97113,-14.566966,19.484612,-11.92633,8.265731,-5.146261,4.20915,-2.0280428
-119.65564,153.07529,-45.718945,55.241493,-20.15782,30.111744,-9.886724,18.62677,-4.6784286,7.5513515,3.5031495,7.1810474,1.3612322
-132.95952,151.66393,-36.412537,58.80644,-12.295418,33.15739,-10.018157,23.064648,-8.230578,1.3454168,1.3569002,6.6443872,-0.07153547
-125.00643,134.17159,-34.564606,71.98114,-11.266057,39.856316,-14.166725,23.028278,-6.3207097,7.7245297,-4.584152,0.77265227,1.2129042
-130.59856,138.37189,-34.016434,56.047295,-9.263178,38.802284,-12.812237,20.804922,-7.627017,6.678788,1.3373277,8.981716,-0.4771473
-140.53505,150.20935,-31.34373,56.477642,-25.014027,38.522354,-11.725338,22.828148,-10.769054,6.7849407,4.136528,7.2893963,0.8335842
-138.67406,138.2905,-34.64418,69.42366,-11.958484,41.122177,-11.201675,24.858433,-2.5584333,6.985187,-1.663522,-1.1742,-0.43196893
-141.92467,138.69658,-37.551678,69.8322,-10.283655,42.1644,-12.39662,21.492735,-4.3143835,4.3361673,-3.293336,3.3569055,-1.6663206
-99.57443,137.29054,-44.20569,68.45421,-17.607822,35.21216,-15.356031,21.741846,-7.881332,12.590062,-4.9955807,7.4396696,-5.1394033
-113.76321,157.08148,-51.368557,50.02047,-30.129122,32.435066,-10.412317,22.116302,-6.474693,9.838171,4.8498,8.972795,2.4592195
-126.73731,151.16214,-40.17907,58.526806,-18.196976,33.206898,-13.744662,20.897406,-14.049907,6.139855,1.2674018,7.139672,0.819837
-125.64182,159.26793,-32.870632,52.79766,-27.422329,25.898834,-14.030792,22.865181,-5.8839283,11.040039,1.8602116,10.4007225,3.7767801
-128.41139,142.8091,-28.038113,62.58162,-23.493946,37.953995,-15.301559,21.731138,-6.6788692,13.916225,1.1318598,6.5693426,-1.6655262
-125.10302,152.32886,-30.632082,62.404503,-23.325655,33.560925,-14.076017,18.236109,-10.275391,5.0433636,3.1102896,8.862914,1.0842272
-126.58072,147.34428,-28.981812,66.03686,-22.679714,38.54593,-12.94717,22.307121,-8.751982,7.5517697,-1.7874416,5.7715006,2.9349828
-111.350174,145.54689,-31.644754,66.03215,-27.828672,32.683037,-12.240372,24.285015,-10.137093,6.9364786,-1.355066,5.097363,1.4174551
-93.52739,136.9303,-44.890694,70.90311,-20.974667,36.740135,-22.928951,18.144768,-6.1248465,18.124123,-0.41986367,9.990074,-1.8555473
-103.501915,148.40866,-47.342834,54.663742,-27.791939,30.486134,-12.193972,26.188663,-2.2010195,13.685141,1.6240629,7.8519363,1.5861808
-100.77139,141.75903,-34.386303,66.88813,-27.33984,34.486088,-16.8624,22.940647,-11.098646,9.729861,-6.786613,7.018225,0.7067202
-109.31817,140.62802,-37.193512,68.628624,-19.707392,35.808914,-18.283714,21.127872,-7.833664,11.945774,-3.5664697,3.7706041,0.72837585
-108.34749,142.00932,-35.892464,62.230583,-16.588455,34.278927,-14.3010645,22.535028,-7.3559647,10.93293,0.8306994,8.294798,-3.0432043
-121.91392,144.0462,-26.882105,61.018135,-27.119888,34.505344,-18.30682,23.080719,-7.053151,14.792305,-1.1350424,7.7519226,-1.1103631
-126.2033,137.95226,-33.85337,67.30292,-19.919992,34.942978,-14.470531,20.704376,-7.1351986,7.786335,-4.8385735,3.9098618,-2.325858
-102.30639,140.4714,-39.53563,65.47025,-18.278408,34.30257,-15.01995,19.196087,-11.161535,8.50643,-4.4200163,4.393051,-2.0289862
-97.229034,135.69704,-46.760933,63.163868,-22.915413,33.630318,-24.27615,19.995193,-5.195685,17.275757,-0.45531476,13.486816,0.40398362
-107.84961,145.73483,-41.033524,54.323555,-28.059788,31.711536,-13.895134,24.02218,-4.7381725,11.31324,1.1016955,9.046425,-0.999949
-108.97696,152.77216,-35.16926,56.026558,-24.163647,33.27532,-16.139751,25.159239,-5.898247,8.910896,-3.2053213,9.011768,-1.275392
-109.948135,150.51285,-35.94407,59.124104,-29.466415,34.143005,-15.295724,27.46951,-10.214167,11.546664,-3.081993,6.776778,2.0580652
-106.49986,140.00436,-35.97603,66.560715,-23.982101,36.223907,-17.755253,27.10894,-9.458524,15.536782,0.8832983,5.725051,-0.39737314
-112.36345,146.89673,-32.80085,59.001472,-27.252945,34.017708,-13.882695,22.18922,-8.631789,8.451672,-0.58645976,11.053335,3.0206313
-115.90032,145.21494,-33.640656,66.450195,-22.089584,40.033398,-13.118546,21.765583,-7.029462,7.742449,-4.3799467,8.395273,-1.597861
-90.84952,137.81537,-39.650906,63.983276,-26.254711,39.74592,-17.573936,23.898045,-6.2107534,12.1009865,-4.2020197,7.537195,-0.015908659
-99.76224,150.05948,-41.140312,59.004787,-34.529587,26.182098,-11.1654825,27.300478,-8.123477,13.179878,0.059203327,8.531599,-0.30381882
-114.577286,146.44182,-34.34636,59.883198,-19.40933,31.442057,-15.507609,24.043,-7.5332537,9.140154,-3.9297547,3.063827,2.0347226
-116.28336,148.86322,-30.605625,62.033844,-20.941341,31.454378,-16.601856,19.752857,-12.562538,5.025089,-3.8163548,9.542677,4.764108
-104.58044,152.16946,-37.220924,59.593285,-24.590847,29.521076,-15.442102,21.708342,-10.553381,7.674177,-4.0104985,4.5420704,4.1632442
-110.94811,159.50745,-42.58999,61.01516,-24.86708,30.1978,-15.28862,21.639494,-14.116081,6.4181814,-1.401666,10.709373,2.8190222
-110.29021,147.48032,-40.200005,64.79164,-22.587284,34.872086,-18.766869,21.94629,-11.452576,8.262236,-3.9617674,5.0684743,3.790673
-112.1428,146.35233,-38.011414,62.04537,-22.277678,32.523586,-16.616255,20.752148,-11.990067,3.3111436,-3.689829,10.86112,4.9318657
-87.74448,150.32019,-48.234684,63.254932,-25.343628,33.22643,-16.956272,24.10685,-14.04259,12.500798,-4.218543,7.9284186,0.20916569
-103.66693,154.09651,-48.674232,59.957233,-25.74966,29.268099,-12.349911,25.676483,-9.072233,8.96879,-0.011689527,8.989669,1.4851843
-103.76759,144.29504,-41.23624,63.788277,-19.844055,34.142727,-17.692648,22.084377,-11.817238,9.4404125,-7.85786,3.7135036,3.2814448
-106.55053,151.71698,-37.93428,60.149864,-23.99797,29.76022,-13.654965,19.936508,-13.009977,4.961633,-3.7906783,9.945993,4.767133
-106.32542,154.58017,-41.400047,60.533463,-22.922272,35.610596,-14.98458,20.56296,-13.116379,9.261442,-6.0334387,6.1028085,0.5456287
-115.43419,157.87944,-45.806572,58.796383,-20.322594,30.182713,-13.638832,24.202477,-12.67223,3.5656343,-1.89979,9.330242,1.9403937
-115.26682,131.5744,-47.69644,64.43425,-21.603336,36.464912,-21.866848,20.538036,-12.803259,6.6001663,-6.4348836,3.765284,2.0248234
-174.85573,138.1242,-69.36857,38.45595,-41.131622,15.790138,-27.35161,5.4935856,-28.317467,-21.651806,-27.420113,0.80303735,-5.806314
-176.71013,161.55614,-64.12321,44.78106,-14.125921,23.495056,-17.894205,2.333585,-11.309244,-5.7487383,-9.996235,3.016342,2.1406045
-144.93535,141.23291,-60.731186,60.023445,-26.653996,35.968967,-21.40839,22.151712,-13.64136,15.022972,-6.2415895,6.6345615,-0.4992349
-125.023285,132.1127,-55.392532,59.70852,-33.04579,36.640633,-20.66235,22.083776,-13.226709,13.277288,-7.906901,4.903436,-2.9664788
-174.9075,123.923904,-51.597992,57.412872,-28.766281,35.70336,-24.854292,22.028118,-13.802916,12.858404,-5.2585125,5.444191,0.3571134
-307.96408,118.85265,-34.43049,41.112762,-19.69403,30.344303,-12.294142,13.928255,-3.567307,10.263103,-2.1842408,3.2056825,1.4915211
-399.30377,91.86418,-44.388668,73.30986,-37.186966,54.73185,-22.777699,31.548819,-13.118202,20.314518,-6.870175,9.650962,-2.813202
-421.58737,91.70886,-50.637024,80.68565,-34.86164,60.81276,-24.563978,36.110626,-15.903871,25.289558,-9.709918,11.728878,-4.5403605
-459.6465,105.865814,-41.878204,70.24646,-23.250671,55.40238,-19.645138,34.425278,-15.389335,22.113901,-4.221977,10.682646,-0.9319009
-547.46405,138.04776,-17.031921,63.77208,-9.477434,46.45934,-12.978442,25.469482,-7.661337,17.988281,-2.976138,7.2679043,-7.661109
-474.78262,116.94762,-17.59364,71.2669,-14.7326765,52.030636,-16.172123,29.203335,-11.529848,21.571714,-4.6814632,8.765443,-6.0785522
-395.2745,84.611824,-40.97245,87.50177,-35.792244,61.124702,-26.048237,40.87678,-18.418793,27.15105,-9.7689,13.4933195,-9.137758
-342.7789,79.286255,-55.725597,83.73256,-44.50267,59.32866,-33.065384,43.195618,-21.536236,28.54932,-12.144339,17.414768,-5.4890013
-460.04623,96.81256,-32.543358,76.00491,-22.818169,55.83397,-21.1405,33.73272,-11.117332,23.671303,-3.7748113,9.343402,-4.755145
-467.0368,103.35217,-35.650425,77.82359,-22.60923,55.39137,-25.973808,33.356544,-7.730258,24.5537,-1.4779515,9.773938,-4.578657
-479.8928,106.810074,-27.816998,68.54823,-16.602003,47.08084,-22.436543,32.910168,-5.834975,19.700428,2.9387987,5.7315845,-2.2763476
-445.5499,119.04877,-41.24734,62.59742,-23.992353,43.215443,-30.656971,35.937996,-15.275934,22.361362,-4.428564,11.471456,0.71190214
-451.3187,90.92134,-34.89604,79.6962,-35.706066,56.853283,-24.887226,39.486122,-14.822646,24.712902,-8.511908,15.393162,-3.0924044
-449.26053,110.024124,-25.625027,57.457726,-31.319237,50.900986,-27.544025,33.313614,-18.04243,21.605152,-2.6758075,13.479772,1.4012855
-393.22455,98.6646,-39.16224,72.20238,-27.699562,51.438835,-23.326748,29.794157,-12.375174,19.067705,-3.8962202,11.257057,-4.8280396
-435.54147,103.70816,-22.99998,83.66286,-32.027435,57.73896,-24.63324,32.525352,-16.302336,21.97065,-6.8427315,10.904515,-6.4857197
-430.80902,99.397354,-19.969055,80.24803,-25.632645,58.090256,-27.151169,35.86625,-14.197733,22.664017,-6.166569,8.220037,-2.8090296
-491.66165,108.51126,-16.079285,71.4579,-22.669132,59.641563,-22.789825,33.18222,-14.043924,21.76354,-3.9672394,10.100908,-4.582727
-531.7982,128.74094,-22.074894,64.98486,-11.847724,49.552055,-14.311528,28.423817,-8.210376,21.394386,1.096542,7.4284983,-6.251129
-539.8415,145.61707,-28.990967,58.027306,-0.7335596,38.808426,-16.888683,29.95522,-10.500428,24.981049,4.1775246,2.8702064,-7.0481963
-1001.46204,0.0,0.0,0.0,0.0,0.0,0.0,0.0,0.0,0.0,0.0,0.0,0.0
-1131.3708,0.0,0.0,0.0,0.0,0.0,0.0,0.0,0.0,0.0,0.0,0.0,0.0
-1131.3708,0.0,0.0,0.0,0.0,0.0,0.0,0.0,0.0,0.0,0.0,0.0,0.0
-1131.3708,0.0,0.0,0.0,0.0,0.0,0.0,0.0,0.0,0.0,0.0,0.0,0.0
-1131.3708,0.0,0.0,0.0,0.0,0.0,0.0,0.0,0.0,0.0,0.0,0.0,0.0
